{"cameraMode":{"drawMode":0,"name":"Shaded","section":"Shading Mode"},"sceneLighting":false,"audioPlay":false,"sceneViewState":{"m_AlwaysRefresh":false,"showFog":true,"showSkybox":false,"showFlares":true,"showImageEffects":true,"showParticleSystems":true,"showVisualEffectGraphs":true,"m_FxEnabled":true},"in2DMode":false,"pivot":{"x":-0.2712863087654114,"y":-0.08419497311115265,"z":0.02802446484565735},"rotation":{"x":0.1322467178106308,"y":0.23347264528274537,"z":-0.032062504440546039,"w":0.9628040790557861},"size":0.40603309869766238,"orthographic":false}