{"cameraMode":{"drawMode":0,"name":"Shaded","section":"Shading Mode"},"sceneLighting":false,"audioPlay":false,"sceneViewState":{"m_AlwaysRefresh":false,"showFog":true,"showSkybox":false,"showFlares":true,"showImageEffects":true,"showParticleSystems":true,"showVisualEffectGraphs":true,"m_FxEnabled":true},"in2DMode":false,"pivot":{"x":-0.09661459177732468,"y":0.08019188791513443,"z":0.9285920858383179},"rotation":{"x":0.07492689788341522,"y":-0.009574446827173233,"z":0.0007194484933279455,"w":0.9971473217010498},"size":1.0307610034942628,"orthographic":false}