{"cameraMode":{"drawMode":0,"name":"Shaded","section":"Shading Mode"},"sceneLighting":true,"audioPlay":false,"sceneViewState":{"m_AlwaysRefresh":false,"showFog":true,"showSkybox":true,"showFlares":true,"showImageEffects":true,"showParticleSystems":true,"showVisualEffectGraphs":true,"m_FxEnabled":true},"in2DMode":false,"pivot":{"x":0.18141403794288636,"y":0.20820873975753785,"z":2.1303558349609377},"rotation":{"x":0.07492689788341522,"y":-0.009574446827173233,"z":0.0007194484933279455,"w":0.9971473217010498},"size":0.7634974718093872,"orthographic":false}